date,year,month,wind_speed,wind_dir,wave_height,ctv_accessible_hours,ctv_accessible_pct,ctv_day_accessible,remark
2022-12-31,2023,1,8.4,307,1.1,8,88.9,Accessible,Winter
2023-01-01,2023,1,7.7,303,1.4,15,62.5,Accessible,Winter
2023-01-02,2023,1,7.7,324,1.5,16,66.7,Accessible,Winter
2023-01-03,2023,1,8.8,312,1.4,14,58.3,Accessible,Winter
2023-01-04,2023,1,7.8,311,1.3,19,79.2,Accessible,Winter
2023-01-05,2023,1,5.5,311,1,24,100,Accessible,Winter
2023-01-06,2023,1,5.2,269,0.8,23,95.8,Accessible,Winter
2023-01-07,2023,1,8.6,309,1.4,12,50,Accessible,Winter
2023-01-08,2023,1,5.8,263,0.8,21,87.5,Accessible,Winter
2023-01-09,2023,1,8.5,337,1.4,11,45.8,Not Accessible,Winter
2023-01-10,2023,1,4.1,162,1.4,16,66.7,Accessible,Winter
2023-01-11,2023,1,6.4,248,0.8,24,100,Accessible,Winter
2023-01-12,2023,1,6,200,0.7,24,100,Accessible,Winter
2023-01-13,2023,1,9.3,195,2,6,25,Not Accessible,Winter
2023-01-14,2023,1,10,32,2.9,0,0,Not Accessible,Winter
2023-01-15,2023,1,8.5,352,2.7,0,0,Not Accessible,Winter
2023-01-16,2023,1,7.1,351,2.3,2,8.3,Not Accessible,Winter
2023-01-17,2023,1,7.3,329,1.5,15,62.5,Accessible,Winter
2023-01-18,2023,1,5.2,324,1.3,24,100,Accessible,Winter
2023-01-19,2023,1,5.6,269,1.1,19,79.2,Accessible,Winter
2023-01-20,2023,1,7.8,328,1.7,7,29.2,Not Accessible,Winter
2023-01-21,2023,1,2.7,354,1.5,15,62.5,Accessible,Winter
2023-01-22,2023,1,3.4,51,1,24,100,Accessible,Winter
2023-01-23,2023,1,7.3,355,1.1,15,62.5,Accessible,Winter
2023-01-24,2023,1,12.6,309,3.3,0,0,Not Accessible,Winter
2023-01-25,2023,1,4.7,302,1.8,6,25,Not Accessible,Winter
2023-01-26,2023,1,5.8,292,1.2,18,75,Accessible,Winter
2023-01-27,2023,1,10.8,315,2.2,0,0,Not Accessible,Winter
2023-01-28,2023,1,8.4,302,2,2,8.3,Not Accessible,Winter
2023-01-29,2023,1,7.5,278,1.4,15,62.5,Accessible,Winter
2023-01-30,2023,1,6.5,328,1.6,11,45.8,Not Accessible,Winter
2023-01-31,2023,1,9,241,1.2,12,50,Accessible,Winter
2023-02-01,2023,2,9.2,334,1.6,10,41.7,Not Accessible,Winter
2023-02-02,2023,2,4.6,36,1.5,14,58.3,Accessible,Winter
2023-02-03,2023,2,4.9,24,1.1,21,87.5,Accessible,Winter
2023-02-04,2023,2,5.7,323,1.1,23,95.8,Accessible,Winter
2023-02-05,2023,2,3.1,274,0.6,24,100,Accessible,Winter
2023-02-06,2023,2,3,91,0.4,24,100,Accessible,Winter
2023-02-07,2023,2,6.8,18,1.1,20,83.3,Accessible,Winter
2023-02-08,2023,2,5.1,23,1,24,100,Accessible,Winter
2023-02-09,2023,2,7.7,74,1.5,10,41.7,Not Accessible,Winter
2023-02-10,2023,2,6.5,4,1.4,20,83.3,Accessible,Winter
2023-02-11,2023,2,2.3,31,0.6,24,100,Accessible,Winter
2023-02-12,2023,2,7.8,20,1.1,17,70.8,Accessible,Winter
2023-02-13,2023,2,9.4,39,2.3,0,0,Not Accessible,Winter
2023-02-14,2023,2,9.3,46,2.2,6,25,Not Accessible,Winter
2023-02-15,2023,2,7.6,64,2.2,0,0,Not Accessible,Winter
2023-02-16,2023,2,5.3,228,1.3,18,75,Accessible,Winter
2023-02-17,2023,2,3.1,212,0.7,24,100,Accessible,Winter
2023-02-18,2023,2,6.8,238,1,23,95.8,Accessible,Winter
2023-02-19,2023,2,7.9,319,1.4,15,62.5,Accessible,Winter
2023-02-20,2023,2,8.4,330,1.7,9,37.5,Not Accessible,Winter
2023-02-21,2023,2,6.7,42,1.8,6,25,Not Accessible,Winter
2023-02-22,2023,2,4.9,202,1,24,100,Accessible,Winter
2023-02-23,2023,2,3.4,262,0.6,24,100,Accessible,Winter
2023-02-24,2023,2,7,21,1.3,21,87.5,Accessible,Winter
2023-02-25,2023,2,7.1,16,1.8,4,16.7,Not Accessible,Winter
2023-02-26,2023,2,2.6,161,0.9,24,100,Accessible,Winter
2023-02-27,2023,2,7.8,225,1,21,87.5,Accessible,Winter
2023-02-28,2023,2,10.3,244,1.5,8,33.3,Not Accessible,Winter
2023-03-01,2023,3,10.3,285,1.3,10,41.7,Not Accessible,Spring
2023-03-02,2023,3,5.2,314,1.7,10,41.7,Not Accessible,Spring
2023-03-03,2023,3,6,284,0.9,24,100,Accessible,Spring
2023-03-04,2023,3,6.3,45,0.8,24,100,Accessible,Spring
2023-03-05,2023,3,4.3,147,0.9,24,100,Accessible,Spring
2023-03-06,2023,3,8.8,239,1.2,11,45.8,Not Accessible,Spring
2023-03-07,2023,3,10.2,247,1.4,0,0,Not Accessible,Spring
2023-03-08,2023,3,10,240,1.3,6,25,Not Accessible,Spring
2023-03-09,2023,3,9.9,234,1.3,24,100,Accessible,Spring
2023-03-10,2023,3,9.8,227,1.3,24,100,Accessible,Spring
2023-03-11,2023,3,9.6,220,1.3,24,100,Accessible,Spring
2023-03-12,2023,3,9.5,213,1.2,24,100,Accessible,Spring
2023-03-13,2023,3,9.3,207,1.2,24,100,Accessible,Spring
2023-03-14,2023,3,9.2,200,1.2,24,100,Accessible,Spring
2023-03-15,2023,3,9,193,1.2,24,100,Accessible,Spring
2023-03-16,2023,3,8.9,186,1.1,24,100,Accessible,Spring
2023-03-17,2023,3,8.8,180,1.1,24,100,Accessible,Spring
2023-03-18,2023,3,8.6,173,1.1,24,100,Accessible,Spring
2023-03-19,2023,3,8.5,166,1,24,100,Accessible,Spring
2023-03-20,2023,3,8.3,159,1,24,100,Accessible,Spring
2023-03-21,2023,3,8.2,152,1,24,100,Accessible,Spring
2023-03-22,2023,3,8.1,146,1,24,100,Accessible,Spring
2023-03-23,2023,3,7.9,139,0.9,24,100,Accessible,Spring
2023-03-24,2023,3,7.8,132,0.9,24,100,Accessible,Spring
2023-03-25,2023,3,7.6,125,0.9,24,100,Accessible,Spring
2023-03-26,2023,3,7.5,119,0.9,24,100,Accessible,Spring
2023-03-27,2023,3,7.3,112,0.8,24,100,Accessible,Spring
2023-03-28,2023,3,7.2,105,0.8,24,100,Accessible,Spring
2023-03-29,2023,3,7.1,98,0.8,24,100,Accessible,Spring
2023-03-30,2023,3,6.9,92,0.7,24,100,Accessible,Spring
2023-03-31,2023,3,6.8,85,0.7,24,100,Accessible,Spring
2023-04-01,2023,4,7.9,52,1,21,87.5,Accessible,Spring
2023-04-02,2023,4,10.7,45,2.1,0,0,Not Accessible,Spring
2023-04-03,2023,4,7.7,53,1.6,14,58.3,Accessible,Spring
2023-04-04,2023,4,4.7,137,0.9,21,87.5,Accessible,Spring
2023-04-05,2023,4,12.5,196,2.6,0,0,Not Accessible,Spring
2023-04-06,2023,4,10.2,263,1.6,9,37.5,Not Accessible,Spring
2023-04-07,2023,4,8.6,305,1.2,15,62.5,Accessible,Spring
2023-04-08,2023,4,7.1,299,1.5,14,58.3,Accessible,Spring
2023-04-09,2023,4,8.8,238,1.3,16,66.7,Accessible,Spring
2023-04-10,2023,4,10.7,230,1.6,2,8.3,Not Accessible,Spring
2023-04-11,2023,4,11.2,244,2.1,1,4.2,Not Accessible,Spring
2023-04-12,2023,4,5.9,268,1,24,100,Accessible,Spring
2023-04-13,2023,4,6.8,215,0.8,23,95.8,Accessible,Spring
2023-04-14,2023,4,5.4,154,0.7,23,95.8,Accessible,Spring
2023-04-15,2023,4,6.3,326,1.2,24,100,Accessible,Spring
2023-04-16,2023,4,5,353,1.1,24,100,Accessible,Spring
2023-04-17,2023,4,4.2,287,1,24,100,Accessible,Spring
2023-04-18,2023,4,3.8,270,0.9,24,100,Accessible,Spring
2023-04-19,2023,4,3.4,253,0.7,24,100,Accessible,Spring
2023-04-20,2023,4,5.4,236,0.6,22,91.7,Accessible,Spring
2023-04-21,2023,4,10.9,48,2.2,0,0,Not Accessible,Spring
2023-04-22,2023,4,9.8,59,2.2,0,0,Not Accessible,Spring
2023-04-23,2023,4,8,61,1.7,3,12.5,Not Accessible,Spring
2023-04-24,2023,4,7.9,87,2,0,0,Not Accessible,Spring
2023-04-25,2023,4,5.5,359,1.1,21,87.5,Accessible,Spring
2023-04-26,2023,4,5.7,352,0.9,24,100,Accessible,Spring
2023-04-27,2023,4,6.3,196,0.7,24,100,Accessible,Spring
2023-04-28,2023,4,7.3,204,0.8,21,87.5,Accessible,Spring
2023-04-29,2023,4,8.5,251,1.5,12,50,Accessible,Spring
2023-04-30,2023,4,8.4,244,1.3,16,66.7,Accessible,Spring
2023-05-01,2023,5,4.2,211,1,24,100,Accessible,Spring
2023-05-02,2023,5,3.9,174,0.6,24,100,Accessible,Spring
2023-05-03,2023,5,5.6,213,0.6,24,100,Accessible,Spring
2023-05-04,2023,5,6.4,186,0.7,22,91.7,Accessible,Spring
2023-05-05,2023,5,10,183,1.9,0,0,Not Accessible,Spring
2023-05-06,2023,5,12.4,25,3.3,0,0,Not Accessible,Spring
2023-05-07,2023,5,12.6,28,3.2,0,0,Not Accessible,Spring
2023-05-08,2023,5,5.2,32,1.8,12,50,Accessible,Spring
2023-05-09,2023,5,5.4,233,0.7,24,100,Accessible,Spring
2023-05-10,2023,5,5.8,25,0.7,24,100,Accessible,Spring
2023-05-11,2023,5,5.1,51,1.2,24,100,Accessible,Spring
2023-05-12,2023,5,3.9,189,0.8,24,100,Accessible,Spring
2023-05-13,2023,5,3.7,150,0.8,24,100,Accessible,Spring
2023-05-14,2023,5,4.1,210,0.5,24,100,Accessible,Spring
2023-05-15,2023,5,7.7,225,0.7,24,100,Accessible,Spring
2023-05-16,2023,5,10.8,229,1.4,4,16.7,Not Accessible,Spring
2023-05-17,2023,5,6.7,215,0.8,22,91.7,Accessible,Spring
2023-05-18,2023,5,5.8,96,0.9,24,100,Accessible,Spring
2023-05-19,2023,5,9,19,1.6,13,54.2,Accessible,Spring
2023-05-20,2023,5,5.3,207,0.7,24,100,Accessible,Spring
2023-05-21,2023,5,5.8,245,1,24,100,Accessible,Spring
2023-05-22,2023,5,7.7,14,1,23,95.8,Accessible,Spring
2023-05-23,2023,5,3.8,15,0.8,24,100,Accessible,Spring
2023-05-24,2023,5,2.5,95,0.5,24,100,Accessible,Spring
2023-05-25,2023,5,4.3,179,0.7,24,100,Accessible,Spring
2023-05-26,2023,5,5.5,211,0.7,24,100,Accessible,Spring
2023-05-27,2023,5,4.3,192,0.4,24,100,Accessible,Spring
2023-05-28,2023,5,6.5,219,0.8,24,100,Accessible,Spring
2023-05-29,2023,5,5.9,20,0.7,24,100,Accessible,Spring
2023-05-30,2023,5,6.8,42,0.9,24,100,Accessible,Spring
2023-05-31,2023,5,4.5,67,1.1,24,100,Accessible,Spring
2023-06-01,2023,6,3.1,192,0.8,24,100,Accessible,Summer
2023-06-02,2023,6,4.9,13,0.6,24,100,Accessible,Summer
2023-06-03,2023,6,5.4,240,0.6,24,100,Accessible,Summer
2023-06-04,2023,6,4.9,245,0.6,24,100,Accessible,Summer
2023-06-05,2023,6,5.6,243,0.6,22,91.7,Accessible,Summer
2023-06-06,2023,6,6.2,222,0.7,24,100,Accessible,Summer
2023-06-07,2023,6,8.7,223,1,21,87.5,Accessible,Summer
2023-06-08,2023,6,6,200,0.7,23,95.8,Accessible,Summer
2023-06-09,2023,6,7,221,1,24,100,Accessible,Summer
2023-06-10,2023,6,4.5,172,0.8,24,100,Accessible,Summer
2023-06-11,2023,6,3.5,193,0.7,24,100,Accessible,Summer
2023-06-12,2023,6,2.9,39,0.5,24,100,Accessible,Summer
2023-06-13,2023,6,3.6,184,0.4,24,100,Accessible,Summer
2023-06-14,2023,6,4.5,13,0.5,24,100,Accessible,Summer
2023-06-15,2023,6,3.5,309,0.4,24,100,Accessible,Summer
2023-06-16,2023,6,6.7,234,0.8,24,100,Accessible,Summer
2023-06-17,2023,6,8.7,221,1.1,24,100,Accessible,Summer
2023-06-18,2023,6,5.5,289,0.5,24,100,Accessible,Summer
2023-06-19,2023,6,6.8,42,1.1,24,100,Accessible,Summer
2023-06-20,2023,6,4.2,68,1,24,100,Accessible,Summer
2023-06-21,2023,6,7.5,208,1.4,15,62.5,Accessible,Summer
2023-06-22,2023,6,4.9,231,1,24,100,Accessible,Summer
2023-06-23,2023,6,4.6,28,1.2,19,79.2,Accessible,Summer
2023-06-24,2023,6,3.2,83,0.7,24,100,Accessible,Summer
2023-06-25,2023,6,4.5,157,0.6,24,100,Accessible,Summer
2023-06-26,2023,6,9.9,207,1.4,10,41.7,Not Accessible,Summer
2023-06-27,2023,6,9,229,1.4,10,41.7,Not Accessible,Summer
2023-06-28,2023,6,9.1,231,1.2,19,79.2,Accessible,Summer
2023-06-29,2023,6,10.9,223,1.7,4,16.7,Not Accessible,Summer
2023-06-30,2023,6,5.7,329,1,21,87.5,Accessible,Summer
2023-07-01,2023,7,5.8,244,0.9,23,95.8,Accessible,Summer
2023-07-02,2023,7,4.9,212,0.7,24,100,Accessible,Summer
2023-07-03,2023,7,1.8,68,0.6,24,100,Accessible,Summer
2023-07-04,2023,7,5,159,0.6,21,87.5,Accessible,Summer
2023-07-05,2023,7,8.9,230,1.4,18,75,Accessible,Summer
2023-07-06,2023,7,6.8,219,1,24,100,Accessible,Summer
2023-07-07,2023,7,4.7,155,1,21,87.5,Accessible,Summer
2023-07-08,2023,7,2.2,25,0.9,24,100,Accessible,Summer
2023-07-09,2023,7,6.9,213,1,24,100,Accessible,Summer
2023-07-10,2023,7,8.7,213,1.2,19,79.2,Accessible,Summer
2023-07-11,2023,7,7.4,218,1.2,20,83.3,Accessible,Summer
2023-07-12,2023,7,8,227,1,21,87.5,Accessible,Summer
2023-07-13,2023,7,7.7,206,1.1,22,91.7,Accessible,Summer
2023-07-14,2023,7,12.3,207,2.1,0,0,Not Accessible,Summer
2023-07-15,2023,7,9.7,207,1.6,11,45.8,Not Accessible,Summer
2023-07-16,2023,7,5.6,218,0.9,23,95.8,Accessible,Summer
2023-07-17,2023,7,5.2,206,0.8,24,100,Accessible,Summer
2023-07-18,2023,7,6.9,145,1,20,83.3,Accessible,Summer
2023-07-19,2023,7,3.4,9,0.8,24,100,Accessible,Summer
2023-07-20,2023,7,1.8,139,0.5,24,100,Accessible,Summer
2023-07-21,2023,7,3.4,53,0.4,24,100,Accessible,Summer
2023-07-22,2023,7,3.6,155,0.5,24,100,Accessible,Summer
2023-07-23,2023,7,7.7,185,0.9,24,100,Accessible,Summer
2023-07-24,2023,7,6.5,202,0.9,24,100,Accessible,Summer
2023-07-25,2023,7,5.2,212,0.5,24,100,Accessible,Summer
2023-07-26,2023,7,4.1,210,0.3,24,100,Accessible,Summer
2023-07-27,2023,7,2.9,206,0.3,24,100,Accessible,Summer
2023-07-28,2023,7,2.9,188,0.4,24,100,Accessible,Summer
2023-07-29,2023,7,3.4,160,0.6,24,100,Accessible,Summer
2023-07-30,2023,7,3.8,194,0.5,24,100,Accessible,Summer
2023-07-31,2023,7,3.1,130,0.3,24,100,Accessible,Summer
2023-08-01,2023,8,3.4,79,0.4,24,100,Accessible,Summer
2023-08-02,2023,8,5,184,0.7,24,100,Accessible,Summer
2023-08-03,2023,8,5.1,178,0.8,24,100,Accessible,Summer
2023-08-04,2023,8,4.2,166,0.9,24,100,Accessible,Summer
2023-08-05,2023,8,3.5,110,0.8,24,100,Accessible,Summer
2023-08-06,2023,8,6.7,21,1,24,100,Accessible,Summer
2023-08-07,2023,8,9,3,1.8,10,41.7,Not Accessible,Summer
2023-08-08,2023,8,11.5,7,2.7,0,0,Not Accessible,Summer
2023-08-09,2023,8,12.1,43,3,0,0,Not Accessible,Summer
2023-08-10,2023,8,12.3,191,3,2,8.3,Not Accessible,Summer
2023-08-11,2023,8,5.6,188,0.9,24,100,Accessible,Summer
2023-08-12,2023,8,2.7,142,0.8,24,100,Accessible,Summer
2023-08-13,2023,8,5.9,21,1.1,24,100,Accessible,Summer
2023-08-14,2023,8,9.1,8,1.7,9,37.5,Not Accessible,Summer
2023-08-15,2023,8,10.6,7,2.9,0,0,Not Accessible,Summer
2023-08-16,2023,8,4.3,38,1.9,3,12.5,Not Accessible,Summer
2023-08-17,2023,8,5.7,25,1.3,24,100,Accessible,Summer
2023-08-18,2023,8,3.7,127,1,24,100,Accessible,Summer
2023-08-19,2023,8,4.1,171,0.8,24,100,Accessible,Summer
2023-08-20,2023,8,2.3,122,0.4,24,100,Accessible,Summer
2023-08-21,2023,8,3,170,0.2,24,100,Accessible,Summer
2023-08-22,2023,8,4.2,183,0.4,24,100,Accessible,Summer
2023-08-23,2023,8,4.9,181,0.7,24,100,Accessible,Summer
2023-08-24,2023,8,8.3,191,1.4,17,70.8,Accessible,Summer
2023-08-25,2023,8,5.3,251,0.7,24,100,Accessible,Summer
2023-08-26,2023,8,4.3,17,0.3,24,100,Accessible,Summer
2023-08-27,2023,8,7.4,20,0.9,24,100,Accessible,Summer
2023-08-28,2023,8,4.8,91,0.9,23,95.8,Accessible,Summer
2023-08-29,2023,8,7.3,176,1.3,15,62.5,Accessible,Summer
2023-08-30,2023,8,5.5,170,1.1,24,100,Accessible,Summer
2023-08-31,2023,8,4.7,141,1.2,21,87.5,Accessible,Summer
2023-09-01,2023,9,3.2,9,0.9,23,95.8,Accessible,Fall
2023-09-02,2023,9,3.1,6,0.5,24,100,Accessible,Fall
2023-09-03,2023,9,5.7,10,0.6,24,100,Accessible,Fall
2023-09-04,2023,9,8.5,14,1.3,19,79.2,Accessible,Fall
2023-09-05,2023,9,10.3,10,2.6,0,0,Not Accessible,Fall
2023-09-06,2023,9,10.1,23,2.7,0,0,Not Accessible,Fall
2023-09-07,2023,9,9.6,29,2.4,0,0,Not Accessible,Fall
2023-09-08,2023,9,6.9,23,1.6,11,45.8,Not Accessible,Fall
2023-09-09,2023,9,4.9,37,1,24,100,Accessible,Fall
2023-09-10,2023,9,5.6,15,0.8,24,100,Accessible,Fall
2023-09-11,2023,9,2.4,60,0.5,24,100,Accessible,Fall
2023-09-12,2023,9,2.5,105,0.4,24,100,Accessible,Fall
2023-09-13,2023,9,5.5,64,0.9,16,66.7,Accessible,Fall
2023-09-14,2023,9,6,31,1.2,24,100,Accessible,Fall
2023-09-15,2023,9,3.2,23,1.1,24,100,Accessible,Fall
2023-09-16,2023,9,5.4,106,0.8,22,91.7,Accessible,Fall
2023-09-17,2023,9,6.3,211,1.1,21,87.5,Accessible,Fall
2023-09-18,2023,9,7.1,201,0.7,24,100,Accessible,Fall
2023-09-19,2023,9,5.8,249,0.6,24,100,Accessible,Fall
2023-09-20,2023,9,8.5,178,1.5,12,50,Accessible,Fall
2023-09-21,2023,9,8.7,3,3.1,0,0,Not Accessible,Fall
2023-09-22,2023,9,6.1,2,1.5,12,50,Accessible,Fall
2023-09-23,2023,9,10.1,17,2.1,1,4.2,Not Accessible,Fall
2023-09-24,2023,9,8.7,27,2.2,0,0,Not Accessible,Fall
2023-09-25,2023,9,5.3,33,1.2,21,87.5,Accessible,Fall
2023-09-26,2023,9,4.6,18,0.8,24,100,Accessible,Fall
2023-09-27,2023,9,3.7,271,0.6,24,100,Accessible,Fall
2023-09-28,2023,9,4.5,297,0.5,24,100,Accessible,Fall
2023-09-29,2023,9,2.4,231,0.4,24,100,Accessible,Fall
2023-09-30,2023,9,5.9,304,0.6,24,100,Accessible,Fall
2023-10-01,2023,10,6.5,350,1,23,95.8,Accessible,Fall
2023-10-02,2023,10,5.3,27,0.8,24,100,Accessible,Fall
2023-10-03,2023,10,4.3,40,0.7,24,100,Accessible,Fall
2023-10-04,2023,10,6.3,312,0.7,19,79.2,Accessible,Fall
2023-10-05,2023,10,5.4,339,2.1,0,0,Not Accessible,Fall
2023-10-06,2023,10,3.2,12,1.7,9,37.5,Not Accessible,Fall
2023-10-07,2023,10,7.8,53,2.2,3,12.5,Not Accessible,Fall
2023-10-08,2023,10,7,61,1.8,4,16.7,Not Accessible,Fall
2023-10-09,2023,10,6.4,359,1.3,17,70.8,Accessible,Fall
2023-10-10,2023,10,8.8,17,1.7,4,16.7,Not Accessible,Fall
2023-10-11,2023,10,7.6,36,1.5,12,50,Accessible,Fall
2023-10-12,2023,10,6.3,44,1.2,24,100,Accessible,Fall
2023-10-13,2023,10,3.3,57,0.8,24,100,Accessible,Fall
2023-10-14,2023,10,5.7,272,0.7,24,100,Accessible,Fall
2023-10-15,2023,10,6.3,297,0.9,24,100,Accessible,Fall
2023-10-16,2023,10,4,296,1.2,17,70.8,Accessible,Fall
2023-10-17,2023,10,3.2,323,0.9,24,100,Accessible,Fall
2023-10-18,2023,10,8.6,235,1.1,22,91.7,Accessible,Fall
2023-10-19,2023,10,9.5,267,1.2,14,58.3,Accessible,Fall
2023-10-20,2023,10,10.3,319,1.6,8,33.3,Not Accessible,Fall
2023-10-21,2023,10,6.3,305,1.6,14,58.3,Accessible,Fall
2023-10-22,2023,10,6.1,288,0.9,24,100,Accessible,Fall
2023-10-23,2023,10,3.3,260,0.5,24,100,Accessible,Fall
2023-10-24,2023,10,4.6,287,0.4,24,100,Accessible,Fall
2023-10-25,2023,10,3.5,270,0.4,24,100,Accessible,Fall
2023-10-26,2023,10,5.8,264,0.6,24,100,Accessible,Fall
2023-10-27,2023,10,9.2,351,2,5,20.8,Not Accessible,Fall
2023-10-28,2023,10,4.8,25,1.3,20,83.3,Accessible,Fall
2023-10-29,2023,10,3.4,24,1.2,23,95.8,Accessible,Fall
2023-10-30,2023,10,3.6,240,0.7,24,100,Accessible,Fall
2023-10-31,2023,10,6.8,240,0.8,24,100,Accessible,Fall
2023-11-01,2023,11,10.4,237,1.4,8,33.3,Not Accessible,Fall
2023-11-02,2023,11,9,235,1.1,15,62.5,Accessible,Fall
2023-11-03,2023,11,6.4,231,0.7,24,100,Accessible,Fall
2023-11-04,2023,11,3.4,29,1.3,11,45.8,Not Accessible,Fall
2023-11-05,2023,11,8,155,1.6,10,41.7,Not Accessible,Fall
2023-11-06,2023,11,13.1,252,2.3,0,0,Not Accessible,Fall
2023-11-07,2023,11,4.2,321,1.1,23,95.8,Accessible,Fall
2023-11-08,2023,11,2.5,84,1.5,14,58.3,Accessible,Fall
2023-11-09,2023,11,5.9,253,0.8,24,100,Accessible,Fall
2023-11-10,2023,11,10.1,351,2.3,5,20.8,Not Accessible,Fall
2023-11-11,2023,11,8.8,345,2.4,0,0,Not Accessible,Fall
2023-11-12,2023,11,10,329,2.3,0,0,Not Accessible,Fall
2023-11-13,2023,11,6.3,315,2.2,1,4.2,Not Accessible,Fall
2023-11-14,2023,11,5.3,315,1.1,24,100,Accessible,Fall
2023-11-15,2023,11,2.4,276,0.7,24,100,Accessible,Fall
2023-11-16,2023,11,8.1,266,1,21,87.5,Accessible,Fall
2023-11-17,2023,11,10.6,290,1.5,11,45.8,Not Accessible,Fall
2023-11-18,2023,11,10,296,2.1,0,0,Not Accessible,Fall
2023-11-19,2023,11,7.9,277,1.5,15,62.5,Accessible,Fall
2023-11-20,2023,11,3.2,303,1.3,20,83.3,Accessible,Fall
2023-11-21,2023,11,9.4,241,1.1,14,58.3,Accessible,Fall
2023-11-22,2023,11,9.5,236,0.9,16,66.7,Accessible,Fall
2023-11-23,2023,11,11.6,276,1.4,2,8.3,Not Accessible,Fall
2023-11-24,2023,11,8.4,323,2.3,2,8.3,Not Accessible,Fall
2023-11-25,2023,11,4.4,11,1.9,10,41.7,Not Accessible,Fall
2023-11-26,2023,11,3.9,308,1,24,100,Accessible,Fall
2023-11-27,2023,11,9.7,269,1.1,12,50,Accessible,Fall
2023-11-28,2023,11,6.3,297,1.4,17,70.8,Accessible,Fall
2023-11-29,2023,11,7.4,300,1.4,17,70.8,Accessible,Fall
2023-11-30,2023,11,8,320,1.7,5,20.8,Not Accessible,Fall
2023-12-01,2023,12,9.4,313,1.5,11,45.8,Not Accessible,Winter
2023-12-02,2023,12,7.4,278,1.3,21,87.5,Accessible,Winter
2023-12-03,2023,12,2.8,284,1.1,24,100,Accessible,Winter
2023-12-04,2023,12,5.7,261,0.8,24,100,Accessible,Winter
2023-12-05,2023,12,2.8,327,0.4,24,100,Accessible,Winter
2023-12-06,2023,12,10.9,265,1.2,7,29.2,Not Accessible,Winter
2023-12-07,2023,12,7.4,246,1.2,21,87.5,Accessible,Winter
2023-12-08,2023,12,12.1,233,1.8,4,16.7,Not Accessible,Winter
2023-12-09,2023,12,6.8,266,0.9,24,100,Accessible,Winter
2023-12-10,2023,12,8.9,35,1.7,15,62.5,Accessible,Winter
2023-12-11,2023,12,11.4,46,3.4,0,0,Not Accessible,Winter
2023-12-12,2023,12,9.4,337,3,0,0,Not Accessible,Winter
2023-12-13,2023,12,5.5,354,1.5,15,62.5,Accessible,Winter
2023-12-14,2023,12,6.6,19,1.4,14,58.3,Accessible,Winter
2023-12-15,2023,12,8.3,5,3.1,0,0,Not Accessible,Winter
2023-12-16,2023,12,11.5,290,2.4,0,0,Not Accessible,Winter
2023-12-17,2023,12,8.4,328,2.3,0,0,Not Accessible,Winter
2023-12-18,2023,12,3.4,335,1.6,6,25,Not Accessible,Winter
2023-12-19,2023,12,6.1,339,1.3,21,87.5,Accessible,Winter
2023-12-20,2023,12,9.3,315,1.7,8,33.3,Not Accessible,Winter
2023-12-21,2023,12,10.9,307,2.1,0,0,Not Accessible,Winter
2023-12-22,2023,12,9.3,302,2.3,0,0,Not Accessible,Winter
2023-12-23,2023,12,6,320,1.5,17,70.8,Accessible,Winter
2023-12-24,2023,12,5.4,312,0.9,24,100,Accessible,Winter
2023-12-25,2023,12,4.8,283,0.9,24,100,Accessible,Winter
2023-12-26,2023,12,4.8,291,0.8,24,100,Accessible,Winter
2023-12-27,2023,12,2.2,301,0.8,24,100,Accessible,Winter
2023-12-28,2023,12,5.8,343,1,21,87.5,Accessible,Winter
2023-12-29,2023,12,4.5,253,0.8,24,100,Accessible,Winter
2023-12-30,2023,12,5.9,255,0.6,23,95.8,Accessible,Winter
2023-12-31,2023,12,11.3,354,2.4,1,4.2,Not Accessible,Winter
2024-01-01,2024,1,4,58,2.6,0,0,Not Accessible,Winter
2024-01-02,2024,1,4.7,307,1,21,87.5,Accessible,Winter
2024-01-03,2024,1,7.7,318,1.2,24,100,Accessible,Winter
2024-01-04,2024,1,8.4,245,1.3,15,62.5,Accessible,Winter
2024-01-05,2024,1,7.9,280,1,23,95.8,Accessible,Winter
2024-01-06,2024,1,9,325,1.1,19,79.2,Accessible,Winter
2024-01-07,2024,1,8.5,318,1.5,6,25,Not Accessible,Winter
2024-01-08,2024,1,5.1,269,1.5,11,45.8,Not Accessible,Winter
2024-01-09,2024,1,6,288,0.9,24,100,Accessible,Winter
2024-01-10,2024,1,8.7,5,2.4,0,0,Not Accessible,Winter
2024-01-11,2024,1,6.8,259,1.2,18,75,Accessible,Winter
2024-01-12,2024,1,7.4,301,0.9,18,75,Accessible,Winter
2024-01-13,2024,1,5.8,2,1.9,5,20.8,Not Accessible,Winter
2024-01-14,2024,1,10.6,282,1.9,1,4.2,Not Accessible,Winter
2024-01-15,2024,1,6.9,331,2,1,4.2,Not Accessible,Winter
2024-01-16,2024,1,4,113,1.6,12,50,Accessible,Winter
2024-01-17,2024,1,7.5,226,1.1,23,95.8,Accessible,Winter
2024-01-18,2024,1,11,7,2.4,4,16.7,Not Accessible,Winter
2024-01-19,2024,1,10.9,5,2.9,0,0,Not Accessible,Winter
2024-01-20,2024,1,12.6,23,3.5,0,0,Not Accessible,Winter
2024-01-21,2024,1,7.1,354,3,0,0,Not Accessible,Winter
2024-01-22,2024,1,10.3,313,2.2,0,0,Not Accessible,Winter
2024-01-23,2024,1,11.4,304,3.1,0,0,Not Accessible,Winter
2024-01-24,2024,1,8.7,323,3.5,0,0,Not Accessible,Winter
2024-01-25,2024,1,7,324,3.4,0,0,Not Accessible,Winter
2024-01-26,2024,1,5.4,312,2.8,0,0,Not Accessible,Winter
2024-01-27,2024,1,4.6,321,2.3,0,0,Not Accessible,Winter
2024-01-28,2024,1,5.6,355,1.5,12,50,Accessible,Winter
2024-01-29,2024,1,3,348,0.9,24,100,Accessible,Winter
2024-01-30,2024,1,3.5,260,0.5,24,100,Accessible,Winter
2024-01-31,2024,1,3.1,340,0.4,24,100,Accessible,Winter
2024-02-01,2024,2,10.5,41,2.7,0,0,Not Accessible,Winter
2024-02-02,2024,2,5.9,36,1.6,13,54.2,Accessible,Winter
2024-02-03,2024,2,7.5,40,1.8,2,8.3,Not Accessible,Winter
2024-02-04,2024,2,9.3,26,1.9,0,0,Not Accessible,Winter
2024-02-05,2024,2,12.2,19,3.7,0,0,Not Accessible,Winter
2024-02-06,2024,2,7,351,1.5,17,70.8,Accessible,Winter
2024-02-07,2024,2,7.4,11,1.3,22,91.7,Accessible,Winter
2024-02-08,2024,2,4.2,22,0.9,24,100,Accessible,Winter
2024-02-09,2024,2,5.2,339,0.8,24,100,Accessible,Winter
2024-02-10,2024,2,4.9,297,0.8,24,100,Accessible,Winter
2024-02-11,2024,2,6.4,299,1.1,19,79.2,Accessible,Winter
2024-02-12,2024,2,7.4,227,1,20,83.3,Accessible,Winter
2024-02-13,2024,2,9.1,217,1.4,11,45.8,Not Accessible,Winter
2024-02-14,2024,2,6.7,176,1,24,100,Accessible,Winter
2024-02-15,2024,2,10.7,326,2.6,7,29.2,Not Accessible,Winter
2024-02-16,2024,2,3.7,113,1.9,7,29.2,Not Accessible,Winter
2024-02-17,2024,2,5.5,160,0.8,24,100,Accessible,Winter
2024-02-18,2024,2,9.3,118,1.4,15,62.5,Accessible,Winter
2024-02-19,2024,2,9.8,141,1.9,3,12.5,Not Accessible,Winter
2024-02-20,2024,2,12.1,27,3.4,0,0,Not Accessible,Winter
2024-02-21,2024,2,13.5,356,3.7,0,0,Not Accessible,Winter
2024-02-22,2024,2,12.1,342,3.5,0,0,Not Accessible,Winter
2024-02-23,2024,2,10.8,15,2.6,0,0,Not Accessible,Winter
2024-02-24,2024,2,8.2,20,1.9,2,8.3,Not Accessible,Winter
2024-02-25,2024,2,10.4,8,2,0,0,Not Accessible,Winter
2024-02-26,2024,2,10.4,7,2.4,0,0,Not Accessible,Winter
2024-02-27,2024,2,7,3,2.1,0,0,Not Accessible,Winter
2024-02-28,2024,2,4.7,44,1.6,8,33.3,Not Accessible,Winter
2024-02-29,2024,2,9.7,354,1.7,5,20.8,Not Accessible,Winter
2024-03-01,2024,3,9.4,307,1.8,9,37.5,Not Accessible,Spring
2024-03-02,2024,3,8.3,267,1.7,9,37.5,Not Accessible,Spring
2024-03-03,2024,3,8.3,270,1.1,24,100,Accessible,Spring
2024-03-04,2024,3,5.7,73,0.8,22,91.7,Accessible,Spring
2024-03-05,2024,3,12.3,36,2.9,0,0,Not Accessible,Spring
2024-03-06,2024,3,10.7,37,3.1,0,0,Not Accessible,Spring
2024-03-07,2024,3,6.2,16,1.5,9,37.5,Not Accessible,Spring
2024-03-08,2024,3,8.7,326,1.4,9,37.5,Not Accessible,Spring
2024-03-09,2024,3,3.2,2,2,1,4.2,Not Accessible,Spring
2024-03-10,2024,3,5.7,240,1.1,23,95.8,Accessible,Spring
2024-03-11,2024,3,5.7,267,0.7,24,100,Accessible,Spring
2024-03-12,2024,3,8.4,330,1.9,7,29.2,Not Accessible,Spring
2024-03-13,2024,3,7.8,247,1.3,18,75,Accessible,Spring
2024-03-14,2024,3,5.9,249,0.8,24,100,Accessible,Spring
2024-03-15,2024,3,6.6,250,0.9,20,83.3,Accessible,Spring
2024-03-16,2024,3,6.1,172,0.8,23,95.8,Accessible,Spring
2024-03-17,2024,3,8.9,344,1.6,8,33.3,Not Accessible,Spring
2024-03-18,2024,3,6.5,177,1.7,12,50,Accessible,Spring
2024-03-19,2024,3,11.8,265,2.1,2,8.3,Not Accessible,Spring
2024-03-20,2024,3,7.2,352,2.8,0,0,Not Accessible,Spring
2024-03-21,2024,3,3.7,108,1.4,17,70.8,Accessible,Spring
2024-03-22,2024,3,9,173,1.9,10,41.7,Not Accessible,Spring
2024-03-23,2024,3,6.3,63,1.3,17,70.8,Accessible,Spring
2024-03-24,2024,3,9.1,30,1.5,16,66.7,Accessible,Spring
2024-03-25,2024,3,11.9,37,2.5,1,4.2,Not Accessible,Spring
2024-03-26,2024,3,8.5,30,2.9,0,0,Not Accessible,Spring
2024-03-27,2024,3,4.4,109,1.2,24,100,Accessible,Spring
2024-03-28,2024,3,9.7,133,2.1,3,12.5,Not Accessible,Spring
2024-03-29,2024,3,10.9,225,1.9,7,29.2,Not Accessible,Spring
2024-03-30,2024,3,7.3,127,1.2,16,66.7,Accessible,Spring
2024-03-31,2024,3,3.1,357,0.7,24,100,Accessible,Spring
2024-04-01,2024,4,5.7,229,0.7,24,100,Accessible,Spring
2024-04-02,2024,4,4.6,136,0.5,24,100,Accessible,Spring
2024-04-03,2024,4,10.1,354,2.1,7,29.2,Not Accessible,Spring
2024-04-04,2024,4,9,45,1.8,7,29.2,Not Accessible,Spring
2024-04-05,2024,4,3.7,61,1.1,24,100,Accessible,Spring
2024-04-06,2024,4,3.8,194,0.5,24,100,Accessible,Spring
2024-04-07,2024,4,1.7,129,0.2,24,100,Accessible,Spring
2024-04-08,2024,4,5.5,32,0.7,19,79.2,Accessible,Spring
2024-04-09,2024,4,8.5,38,2.9,0,0,Not Accessible,Spring
2024-04-10,2024,4,3.9,107,1.4,15,62.5,Accessible,Spring
2024-04-11,2024,4,5.4,223,0.7,24,100,Accessible,Spring
2024-04-12,2024,4,2.4,151,0.3,24,100,Accessible,Spring
2024-04-13,2024,4,1.9,137,0.2,24,100,Accessible,Spring
2024-04-14,2024,4,4.7,114,0.6,24,100,Accessible,Spring
2024-04-15,2024,4,7.5,149,1.8,9,37.5,Not Accessible,Spring
2024-04-16,2024,4,5.7,222,1,20,83.3,Accessible,Spring
2024-04-17,2024,4,3.5,339,0.4,24,100,Accessible,Spring
2024-04-18,2024,4,5,287,0.6,24,100,Accessible,Spring
2024-04-19,2024,4,5.6,249,0.8,24,100,Accessible,Spring
2024-04-20,2024,4,7.2,50,1.1,23,95.8,Accessible,Spring
2024-04-21,2024,4,8.8,52,1.6,10,41.7,Not Accessible,Spring
2024-04-22,2024,4,8.6,85,2,0,0,Not Accessible,Spring
2024-04-23,2024,4,8.1,120,2.1,0,0,Not Accessible,Spring
2024-04-24,2024,4,7.6,155,1.3,19,79.2,Accessible,Spring
2024-04-25,2024,4,7.1,190,1.1,24,100,Accessible,Spring
2024-04-26,2024,4,5.8,207,0.7,24,100,Accessible,Spring
2024-04-27,2024,4,3.6,195,0.3,24,100,Accessible,Spring
2024-04-28,2024,4,6.1,28,0.7,21,87.5,Accessible,Spring
2024-04-29,2024,4,10.1,15,2.2,0,0,Not Accessible,Spring
2024-04-30,2024,4,7.2,36,1.3,17,70.8,Accessible,Spring
2024-05-01,2024,5,8.5,41,1.8,7,29.2,Not Accessible,Spring
2024-05-02,2024,5,3.6,110,0.9,24,100,Accessible,Spring
2024-05-03,2024,5,2.2,159,0.5,24,100,Accessible,Spring
2024-05-04,2024,5,4.9,172,0.4,24,100,Accessible,Spring
2024-05-05,2024,5,9.4,177,1.6,13,54.2,Accessible,Spring
2024-05-06,2024,5,10.3,234,1.7,8,33.3,Not Accessible,Spring
2024-05-07,2024,5,10.2,24,2,5,20.8,Not Accessible,Spring
2024-05-08,2024,5,6.8,30,2.5,0,0,Not Accessible,Spring
2024-05-09,2024,5,7,224,1.4,19,79.2,Accessible,Spring
2024-05-10,2024,5,9.3,221,1.1,16,66.7,Accessible,Spring
2024-05-11,2024,5,10.8,196,1.7,1,4.2,Not Accessible,Spring
2024-05-12,2024,5,3.6,9,1,18,75,Accessible,Spring
2024-05-13,2024,5,4.5,167,0.7,24,100,Accessible,Spring
2024-05-14,2024,5,5.7,204,0.6,24,100,Accessible,Spring
2024-05-15,2024,5,8.9,263,1.8,8,33.3,Not Accessible,Spring
2024-05-16,2024,5,7.5,256,3.2,0,0,Not Accessible,Spring
2024-05-17,2024,5,9.7,223,1.6,8,33.3,Not Accessible,Spring
2024-05-18,2024,5,6.4,212,0.7,24,100,Accessible,Spring
2024-05-19,2024,5,3.5,216,0.5,24,100,Accessible,Spring
2024-05-20,2024,5,5.8,31,0.7,24,100,Accessible,Spring
2024-05-21,2024,5,5.8,43,1,24,100,Accessible,Spring
2024-05-22,2024,5,4.8,172,0.7,24,100,Accessible,Spring
2024-05-23,2024,5,6.8,220,0.7,24,100,Accessible,Spring
2024-05-24,2024,5,7.4,37,1.2,24,100,Accessible,Spring
2024-05-25,2024,5,4.8,64,1,24,100,Accessible,Spring
2024-05-26,2024,5,8.2,205,1.3,12,50,Accessible,Spring
2024-05-27,2024,5,5.8,301,0.9,22,91.7,Accessible,Spring
2024-05-28,2024,5,8,8,1.8,6,25,Not Accessible,Spring
2024-05-29,2024,5,3.6,194,0.8,24,100,Accessible,Spring
2024-05-30,2024,5,5.1,201,0.6,24,100,Accessible,Spring
2024-05-31,2024,5,6.2,228,0.8,24,100,Accessible,Spring
2024-06-01,2024,6,4.5,24,0.6,24,100,Accessible,Summer
2024-06-02,2024,6,3.9,49,0.7,24,100,Accessible,Summer
2024-06-03,2024,6,6.7,43,0.9,24,100,Accessible,Summer
2024-06-04,2024,6,4.9,53,0.9,24,100,Accessible,Summer
2024-06-05,2024,6,3.6,69,0.7,24,100,Accessible,Summer
2024-06-06,2024,6,2.2,149,0.7,24,100,Accessible,Summer
2024-06-07,2024,6,3.9,189,0.3,24,100,Accessible,Summer
2024-06-08,2024,6,5.9,166,0.8,22,91.7,Accessible,Summer
2024-06-09,2024,6,3.9,159,0.7,24,100,Accessible,Summer
2024-06-10,2024,6,8.6,217,1,21,87.5,Accessible,Summer
2024-06-11,2024,6,8,206,0.9,24,100,Accessible,Summer
2024-06-12,2024,6,5.1,177,0.5,24,100,Accessible,Summer
2024-06-13,2024,6,2.8,161,0.2,24,100,Accessible,Summer
2024-06-14,2024,6,4.2,165,0.3,24,100,Accessible,Summer
2024-06-15,2024,6,3.6,206,0.4,24,100,Accessible,Summer
2024-06-16,2024,6,4.5,218,0.5,24,100,Accessible,Summer
2024-06-17,2024,6,5.7,217,0.6,23,95.8,Accessible,Summer
2024-06-18,2024,6,5.3,215,0.4,24,100,Accessible,Summer
2024-06-19,2024,6,7,210,0.7,24,100,Accessible,Summer
2024-06-20,2024,6,4.8,121,0.9,24,100,Accessible,Summer
2024-06-21,2024,6,4.1,152,0.5,24,100,Accessible,Summer
2024-06-22,2024,6,10,199,1.5,11,45.8,Not Accessible,Summer
2024-06-23,2024,6,8.5,224,1.4,13,54.2,Accessible,Summer
2024-06-24,2024,6,9.6,230,1.6,9,37.5,Not Accessible,Summer
2024-06-25,2024,6,4.9,255,1.1,24,100,Accessible,Summer
2024-06-26,2024,6,2.5,195,0.8,24,100,Accessible,Summer
2024-06-27,2024,6,2.5,187,0.4,24,100,Accessible,Summer
2024-06-28,2024,6,3.7,198,0.4,24,100,Accessible,Summer
2024-06-29,2024,6,10.2,179,1.5,10,41.7,Not Accessible,Summer
2024-06-30,2024,6,10,215,2,7,29.2,Not Accessible,Summer
2024-07-01,2024,7,5.4,204,0.9,24,100,Accessible,Summer
2024-07-02,2024,7,6.7,171,1.2,17,70.8,Accessible,Summer
2024-07-03,2024,7,10.3,213,1.5,8,33.3,Not Accessible,Summer
2024-07-04,2024,7,10.8,210,1.2,10,41.7,Not Accessible,Summer
2024-07-05,2024,7,10.3,220,1.4,10,41.7,Not Accessible,Summer
2024-07-06,2024,7,11.1,218,1.5,7,29.2,Not Accessible,Summer
2024-07-07,2024,7,10.4,221,1.5,4,16.7,Not Accessible,Summer
2024-07-08,2024,7,9,229,1.3,16,66.7,Accessible,Summer
2024-07-09,2024,7,6.8,208,0.9,21,87.5,Accessible,Summer
2024-07-10,2024,7,13.4,205,2.4,0,0,Not Accessible,Summer
2024-07-11,2024,7,12.6,206,2.3,0,0,Not Accessible,Summer
2024-07-12,2024,7,11.9,206,2.2,0,0,Not Accessible,Summer
2024-07-13,2024,7,11.2,206,2,0,0,Not Accessible,Summer
2024-07-14,2024,7,10.5,207,1.9,0,0,Not Accessible,Summer
2024-07-15,2024,7,9.8,207,1.8,0,0,Not Accessible,Summer
2024-07-16,2024,7,9.1,208,1.6,0,0,Not Accessible,Summer
2024-07-17,2024,7,8.4,208,1.5,10,41.7,Not Accessible,Summer
2024-07-18,2024,7,7.7,208,1.4,24,100,Accessible,Summer
2024-07-19,2024,7,7,209,1.2,24,100,Accessible,Summer
2024-07-20,2024,7,6.3,209,1.1,24,100,Accessible,Summer
2024-07-21,2024,7,5.6,210,1,24,100,Accessible,Summer
2024-07-22,2024,7,4.9,210,0.8,24,100,Accessible,Summer
2024-07-23,2024,7,4.2,210,0.7,24,100,Accessible,Summer
2024-07-24,2024,7,3.5,211,0.6,24,100,Accessible,Summer
2024-07-25,2024,7,2.5,162,0.6,24,100,Accessible,Summer
2024-07-26,2024,7,5.4,167,1.1,24,100,Accessible,Summer
2024-07-27,2024,7,5.7,212,1,24,100,Accessible,Summer
2024-07-28,2024,7,7.9,229,0.9,24,100,Accessible,Summer
2024-07-29,2024,7,8.9,232,1.1,16,66.7,Accessible,Summer
2024-07-30,2024,7,4.7,243,0.7,24,100,Accessible,Summer
2024-07-31,2024,7,5.9,236,0.7,24,100,Accessible,Summer
2024-08-01,2024,8,7.8,228,0.8,24,100,Accessible,Summer
2024-08-02,2024,8,7.6,223,0.7,24,100,Accessible,Summer
2024-08-03,2024,8,2.5,198,0.3,24,100,Accessible,Summer
2024-08-04,2024,8,4.4,31,0.5,24,100,Accessible,Summer
2024-08-05,2024,8,3.8,39,0.9,24,100,Accessible,Summer
2024-08-06,2024,8,3.1,35,1,24,100,Accessible,Summer
2024-08-07,2024,8,2.5,159,0.6,24,100,Accessible,Summer
2024-08-08,2024,8,4.5,281,0.4,24,100,Accessible,Summer
2024-08-09,2024,8,3.9,22,0.3,24,100,Accessible,Summer
2024-08-10,2024,8,4.8,41,0.5,24,100,Accessible,Summer
2024-08-11,2024,8,5,39,0.8,24,100,Accessible,Summer
2024-08-12,2024,8,5.8,29,1.1,24,100,Accessible,Summer
2024-08-13,2024,8,6.6,23,1.5,17,70.8,Accessible,Summer
2024-08-14,2024,8,6.1,29,1.2,24,100,Accessible,Summer
2024-08-15,2024,8,5.7,26,0.9,24,100,Accessible,Summer
2024-08-16,2024,8,5.7,27,0.8,24,100,Accessible,Summer
2024-08-17,2024,8,5.3,34,0.8,24,100,Accessible,Summer
2024-08-18,2024,8,4.2,47,0.8,24,100,Accessible,Summer
2024-08-19,2024,8,6.3,122,1,22,91.7,Accessible,Summer
2024-08-20,2024,8,7.1,165,1.3,16,66.7,Accessible,Summer
2024-08-21,2024,8,6,196,1.1,24,100,Accessible,Summer
2024-08-22,2024,8,8.7,210,1.4,15,62.5,Accessible,Summer
2024-08-23,2024,8,6.4,242,0.8,24,100,Accessible,Summer
2024-08-24,2024,8,4.3,248,0.3,24,100,Accessible,Summer
2024-08-25,2024,8,3,119,0.4,24,100,Accessible,Summer
2024-08-26,2024,8,3,64,0.4,24,100,Accessible,Summer
2024-08-27,2024,8,8.9,30,1.7,8,33.3,Not Accessible,Summer
2024-08-28,2024,8,10.8,33,2.2,0,0,Not Accessible,Summer
2024-08-29,2024,8,13.6,20,3.1,0,0,Not Accessible,Summer
2024-08-30,2024,8,10.8,347,2.8,1,4.2,Not Accessible,Summer
2024-08-31,2024,8,4.5,24,1.1,24,100,Accessible,Summer
2024-09-01,2024,9,3.7,157,0.9,24,100,Accessible,Fall
2024-09-02,2024,9,4.5,22,0.6,23,95.8,Accessible,Fall
2024-09-03,2024,9,8.5,32,1.6,10,41.7,Not Accessible,Fall
2024-09-04,2024,9,4.2,42,0.8,24,100,Accessible,Fall
2024-09-05,2024,9,6.7,234,0.7,24,100,Accessible,Fall
2024-09-06,2024,9,5.8,5,0.9,24,100,Accessible,Fall
2024-09-07,2024,9,2.3,198,0.9,24,100,Accessible,Fall
2024-09-08,2024,9,4.5,26,0.6,24,100,Accessible,Fall
2024-09-09,2024,9,5.6,30,0.8,24,100,Accessible,Fall
2024-09-10,2024,9,3.6,55,0.6,24,100,Accessible,Fall
2024-09-11,2024,9,3.6,343,0.4,24,100,Accessible,Fall
2024-09-12,2024,9,4.6,14,0.8,24,100,Accessible,Fall
2024-09-13,2024,9,2.8,125,0.5,24,100,Accessible,Fall
2024-09-14,2024,9,4.1,53,0.7,24,100,Accessible,Fall
2024-09-15,2024,9,8.4,32,1.9,6,25,Not Accessible,Fall
2024-09-16,2024,9,6.2,11,1.8,5,20.8,Not Accessible,Fall
2024-09-17,2024,9,2.4,69,0.7,24,100,Accessible,Fall
2024-09-18,2024,9,2.5,122,0.4,24,100,Accessible,Fall
2024-09-19,2024,9,3.1,131,0.4,24,100,Accessible,Fall
2024-09-20,2024,9,8.7,204,1.3,16,66.7,Accessible,Fall
2024-09-21,2024,9,9.8,357,3.7,0,0,Not Accessible,Fall
2024-09-22,2024,9,11.2,19,3.2,0,0,Not Accessible,Fall
2024-09-23,2024,9,9.9,11,2.3,0,0,Not Accessible,Fall
2024-09-24,2024,9,7.2,48,1.7,9,37.5,Not Accessible,Fall
2024-09-25,2024,9,5,52,0.9,24,100,Accessible,Fall
2024-09-26,2024,9,3.9,38,0.6,24,100,Accessible,Fall
2024-09-27,2024,9,7.7,44,1.1,23,95.8,Accessible,Fall
2024-09-28,2024,9,10.1,50,2.2,0,0,Not Accessible,Fall
2024-09-29,2024,9,8.2,45,1.7,7,29.2,Not Accessible,Fall
2024-09-30,2024,9,3.9,118,1.1,24,100,Accessible,Fall
2024-10-01,2024,10,8.6,299,1.1,19,79.2,Accessible,Fall
2024-10-02,2024,10,12.2,17,2.7,0,0,Not Accessible,Fall
2024-10-03,2024,10,12.1,19,3.3,0,0,Not Accessible,Fall
2024-10-04,2024,10,7.4,43,1.9,8,33.3,Not Accessible,Fall
2024-10-05,2024,10,7.6,40,1.4,21,87.5,Accessible,Fall
2024-10-06,2024,10,6.2,0,1,24,100,Accessible,Fall
2024-10-07,2024,10,6.6,4,1,24,100,Accessible,Fall
2024-10-08,2024,10,9.1,48,1.8,8,33.3,Not Accessible,Fall
2024-10-09,2024,10,8.2,34,1.8,10,41.7,Not Accessible,Fall
2024-10-10,2024,10,3.3,37,1,24,100,Accessible,Fall
2024-10-11,2024,10,1.9,73,0.6,24,100,Accessible,Fall
2024-10-12,2024,10,3.8,74,0.8,24,100,Accessible,Fall
2024-10-13,2024,10,6.8,63,1.3,19,79.2,Accessible,Fall
2024-10-14,2024,10,6.4,148,1.2,24,100,Accessible,Fall
2024-10-15,2024,10,7.1,271,1,21,87.5,Accessible,Fall
2024-10-16,2024,10,7.7,31,1.5,12,50,Accessible,Fall
2024-10-17,2024,10,7,45,1.5,14,58.3,Accessible,Fall
2024-10-18,2024,10,7.8,180,1.2,16,66.7,Accessible,Fall
2024-10-19,2024,10,13.9,20,3.7,3,12.5,Not Accessible,Fall
2024-10-20,2024,10,10.6,49,3.3,0,0,Not Accessible,Fall
2024-10-21,2024,10,4.8,66,1.5,15,62.5,Accessible,Fall
2024-10-22,2024,10,10.1,184,1.8,3,12.5,Not Accessible,Fall
2024-10-23,2024,10,5.9,306,1.2,24,100,Accessible,Fall
2024-10-24,2024,10,6.3,19,1.1,24,100,Accessible,Fall
2024-10-25,2024,10,8,42,1.7,6,25,Not Accessible,Fall
2024-10-26,2024,10,5.8,26,1.2,22,91.7,Accessible,Fall
2024-10-27,2024,10,4.4,333,0.7,24,100,Accessible,Fall
2024-10-28,2024,10,10.6,38,2.4,2,8.3,Not Accessible,Fall
2024-10-29,2024,10,6.3,27,1.6,13,54.2,Accessible,Fall
2024-10-30,2024,10,6.8,33,1,24,100,Accessible,Fall
2024-10-31,2024,10,4.5,50,0.9,24,100,Accessible,Fall
2024-11-01,2024,11,7.7,41,1,20,83.3,Accessible,Fall
2024-11-02,2024,11,11.4,20,3.1,0,0,Not Accessible,Fall
2024-11-03,2024,11,3.7,35,1.6,13,54.2,Accessible,Fall
2024-11-04,2024,11,6.8,325,0.9,23,95.8,Accessible,Fall
2024-11-05,2024,11,9.4,343,2.2,3,12.5,Not Accessible,Fall
2024-11-06,2024,11,7.8,6,2.1,0,0,Not Accessible,Fall
2024-11-07,2024,11,7.2,104,1.8,1,4.2,Not Accessible,Fall
2024-11-08,2024,11,5.3,91,1.3,21,87.5,Accessible,Fall
2024-11-09,2024,11,5.7,79,1.3,24,100,Accessible,Fall
2024-11-10,2024,11,3,33,0.8,24,100,Accessible,Fall
2024-11-11,2024,11,4.6,39,0.8,24,100,Accessible,Fall
2024-11-12,2024,11,6.4,13,1,21,87.5,Accessible,Fall
2024-11-13,2024,11,8.2,71,1.8,4,16.7,Not Accessible,Fall
2024-11-14,2024,11,2.7,62,0.9,24,100,Accessible,Fall
2024-11-15,2024,11,6.2,55,0.8,24,100,Accessible,Fall
2024-11-16,2024,11,5.1,257,0.8,23,95.8,Accessible,Fall
2024-11-17,2024,11,11.3,350,2.2,2,8.3,Not Accessible,Fall
2024-11-18,2024,11,10.9,33,3,0,0,Not Accessible,Fall
2024-11-19,2024,11,4.2,60,1.6,12,50,Accessible,Fall
2024-11-20,2024,11,5.5,335,0.8,24,100,Accessible,Fall
2024-11-21,2024,11,5.5,299,0.8,23,95.8,Accessible,Fall
2024-11-22,2024,11,8.1,4,1.8,12,50,Accessible,Fall
2024-11-23,2024,11,8.3,41,2.6,0,0,Not Accessible,Fall
2024-11-24,2024,11,4.4,81,1.4,16,66.7,Accessible,Fall
2024-11-25,2024,11,9.2,127,1.6,17,70.8,Accessible,Fall
2024-11-26,2024,11,10.7,266,2.2,0,0,Not Accessible,Fall
2024-11-27,2024,11,11.2,273,1.9,1,4.2,Not Accessible,Fall
2024-11-28,2024,11,10.4,281,1.8,10,41.7,Not Accessible,Fall
2024-11-29,2024,11,8.7,293,1.6,8,33.3,Not Accessible,Fall
2024-11-30,2024,11,7.1,290,1.5,16,66.7,Accessible,Fall
2024-12-01,2024,12,4.3,246,0.8,24,100,Accessible,Winter
2024-12-02,2024,12,9.2,271,1.1,13,54.2,Accessible,Winter
2024-12-03,2024,12,8.4,331,1.6,10,41.7,Not Accessible,Winter
2024-12-04,2024,12,7.3,307,1.4,18,75,Accessible,Winter
2024-12-05,2024,12,7.6,280,1.2,23,95.8,Accessible,Winter
2024-12-06,2024,12,7.4,312,1.5,11,45.8,Not Accessible,Winter
2024-12-07,2024,12,8.8,298,1.6,12,50,Accessible,Winter
2024-12-08,2024,12,6.5,330,1.7,5,20.8,Not Accessible,Winter
2024-12-09,2024,12,5.6,311,1.2,23,95.8,Accessible,Winter
2024-12-10,2024,12,4,341,0.9,24,100,Accessible,Winter
2024-12-11,2024,12,7.8,13,2,8,33.3,Not Accessible,Winter
2024-12-12,2024,12,5.2,333,1.5,15,62.5,Accessible,Winter
2024-12-13,2024,12,9.7,319,1.5,12,50,Accessible,Winter
2024-12-14,2024,12,9.3,300,2,2,8.3,Not Accessible,Winter
2024-12-15,2024,12,8.2,290,1.5,19,79.2,Accessible,Winter
2024-12-16,2024,12,6.2,286,1.3,18,75,Accessible,Winter
2024-12-17,2024,12,8.3,318,1.4,20,83.3,Accessible,Winter
2024-12-18,2024,12,8.9,339,2.1,12,50,Accessible,Winter
2024-12-19,2024,12,5.1,9,2,9,37.5,Not Accessible,Winter
2024-12-20,2024,12,7.5,265,1,21,87.5,Accessible,Winter
2024-12-21,2024,12,10.8,308,2,0,0,Not Accessible,Winter
2024-12-22,2024,12,8.1,328,2.3,0,0,Not Accessible,Winter
2024-12-23,2024,12,8.9,313,1.7,6,25,Not Accessible,Winter
2024-12-24,2024,12,3.4,304,1.4,22,91.7,Accessible,Winter
2024-12-25,2024,12,7.8,266,1.1,19,79.2,Accessible,Winter
2024-12-26,2024,12,9.2,307,1.4,15,62.5,Accessible,Winter
2024-12-27,2024,12,8.6,299,1.9,3,12.5,Not Accessible,Winter
2024-12-28,2024,12,9.9,307,1.8,1,4.2,Not Accessible,Winter
2024-12-29,2024,12,5,280,1.2,24,100,Accessible,Winter
2024-12-30,2024,12,9.5,272,1.3,13,54.2,Accessible,Winter
2024-12-31,2024,12,7.5,322,1.5,13,54.2,Accessible,Winter
2025-01-01,2025,1,5.9,304,1.2,19,79.2,Accessible,Winter
2025-01-02,2025,1,6.6,325,1.2,14,58.3,Accessible,Winter
2025-01-03,2025,1,8,315,1.5,16,66.7,Accessible,Winter
2025-01-04,2025,1,4.1,297,0.9,24,100,Accessible,Winter
2025-01-05,2025,1,6.9,256,0.9,24,100,Accessible,Winter
2025-01-06,2025,1,10.2,298,1.5,7,29.2,Not Accessible,Winter
2025-01-07,2025,1,9.1,293,2.1,0,0,Not Accessible,Winter
2025-01-08,2025,1,10,295,1.8,1,4.2,Not Accessible,Winter
2025-01-09,2025,1,8.1,317,2.1,0,0,Not Accessible,Winter
2025-01-10,2025,1,6.9,315,2.1,0,0,Not Accessible,Winter
2025-01-11,2025,1,6,292,1.8,5,20.8,Not Accessible,Winter
2025-01-12,2025,1,8.2,308,1.9,0,0,Not Accessible,Winter
2025-01-13,2025,1,4.4,274,1.1,20,83.3,Accessible,Winter
2025-01-14,2025,1,9.3,286,1.2,15,62.5,Accessible,Winter
2025-01-15,2025,1,8.5,313,1.7,6,25,Not Accessible,Winter
2025-01-16,2025,1,6.3,313,1.2,23,95.8,Accessible,Winter
2025-01-17,2025,1,3.6,321,1.1,24,100,Accessible,Winter
2025-01-18,2025,1,6.1,241,0.8,24,100,Accessible,Winter
2025-01-19,2025,1,6.8,286,0.8,24,100,Accessible,Winter
2025-01-20,2025,1,3.9,336,0.7,24,100,Accessible,Winter
2025-01-21,2025,1,4.7,328,0.7,24,100,Accessible,Winter
2025-01-22,2025,1,4.1,289,0.6,24,100,Accessible,Winter
2025-01-23,2025,1,3.9,45,0.6,24,100,Accessible,Winter
2025-01-24,2025,1,7.7,46,1.2,20,83.3,Accessible,Winter
2025-01-25,2025,1,10.8,45,2.5,0,0,Not Accessible,Winter
2025-01-26,2025,1,6.8,65,2,0,0,Not Accessible,Winter
2025-01-27,2025,1,8.9,276,1.5,10,41.7,Not Accessible,Winter
2025-01-28,2025,1,10.9,274,1.9,0,0,Not Accessible,Winter
2025-01-29,2025,1,7.6,298,1.9,3,12.5,Not Accessible,Winter
2025-01-30,2025,1,4.1,294,1.4,23,95.8,Accessible,Winter
2025-01-31,2025,1,3.5,193,1.1,24,100,Accessible,Winter
2025-02-01,2025,2,9,37,1.7,12,50,Accessible,Winter
2025-02-02,2025,2,6.7,340,1.6,7,29.2,Not Accessible,Winter
2025-02-03,2025,2,11.8,315,1.8,4,16.7,Not Accessible,Winter
2025-02-04,2025,2,10.8,308,2.6,0,0,Not Accessible,Winter
2025-02-05,2025,2,9.9,304,2.4,0,0,Not Accessible,Winter
2025-02-06,2025,2,7.6,287,2,2,8.3,Not Accessible,Winter
2025-02-07,2025,2,12,307,2.3,0,0,Not Accessible,Winter
2025-02-08,2025,2,5.9,323,2,0,0,Not Accessible,Winter
2025-02-09,2025,2,5.9,310,1.8,4,16.7,Not Accessible,Winter
2025-02-10,2025,2,6.5,329,1.3,20,83.3,Accessible,Winter
2025-02-11,2025,2,4,190,0.8,24,100,Accessible,Winter
2025-02-12,2025,2,9,300,1.5,12,50,Accessible,Winter
2025-02-13,2025,2,6.4,301,1.6,13,54.2,Accessible,Winter
2025-02-14,2025,2,3.1,241,0.8,24,100,Accessible,Winter
2025-02-15,2025,2,5.6,259,0.8,24,100,Accessible,Winter
2025-02-16,2025,2,6.5,270,0.9,21,87.5,Accessible,Winter
2025-02-17,2025,2,8.2,331,1.9,0,0,Not Accessible,Winter
2025-02-18,2025,2,9.9,338,1.8,6,25,Not Accessible,Winter
2025-02-19,2025,2,9.8,332,1.6,10,41.7,Not Accessible,Winter
2025-02-20,2025,2,9.7,326,1.5,18,75,Accessible,Winter
2025-02-21,2025,2,9.6,320,1.5,17,70.8,Accessible,Winter
2025-02-22,2025,2,9.5,313,1.5,16,66.7,Accessible,Winter
2025-02-23,2025,2,9.4,307,1.6,12,50,Accessible,Winter
2025-02-24,2025,2,9.3,301,1.3,19,79.2,Accessible,Winter
2025-02-25,2025,2,9.2,295,1.4,14,58.3,Accessible,Winter
2025-02-26,2025,2,9.2,289,1.1,24,100,Accessible,Winter
2025-02-27,2025,2,9.1,283,0.6,24,100,Accessible,Winter
2025-02-28,2025,2,9,277,0.8,24,100,Accessible,Winter
2025-03-01,2025,3,8.9,270,0.5,24,100,Accessible,Spring
2025-03-02,2025,3,8.8,264,2.5,10,41.7,Not Accessible,Spring
2025-03-03,2025,3,8.7,258,4.4,0,0,Not Accessible,Spring
2025-03-04,2025,3,8.6,252,3.6,0,0,Not Accessible,Spring
2025-03-05,2025,3,8.5,246,2.3,0,0,Not Accessible,Spring
2025-03-06,2025,3,8.5,240,1.9,0,0,Not Accessible,Spring
2025-03-07,2025,3,8.4,234,1.5,14,58.3,Accessible,Spring
2025-03-08,2025,3,8.3,227,1,24,100,Accessible,Spring
2025-03-09,2025,3,8.2,221,0.6,24,100,Accessible,Spring
2025-03-10,2025,3,8.1,215,0.6,24,100,Accessible,Spring
2025-03-11,2025,3,8,209,0.3,24,100,Accessible,Spring
2025-03-12,2025,3,7.9,203,0.9,24,100,Accessible,Spring
2025-03-13,2025,3,7.8,197,0.7,24,100,Accessible,Spring
2025-03-14,2025,3,7.8,191,1.7,14,58.3,Accessible,Spring
2025-03-15,2025,3,7.7,184,3.1,0,0,Not Accessible,Spring
2025-03-16,2025,3,7.6,178,2.3,0,0,Not Accessible,Spring
2025-03-17,2025,3,7.5,172,2.9,0,0,Not Accessible,Spring
2025-03-18,2025,3,7.4,166,3,0,0,Not Accessible,Spring
2025-03-19,2025,3,7.3,160,2,8,33.3,Not Accessible,Spring
2025-03-20,2025,3,7.2,154,1.8,4,16.7,Not Accessible,Spring
2025-03-21,2025,3,7.1,148,2.2,0,0,Not Accessible,Spring
2025-03-22,2025,3,7.1,142,1.5,17,70.8,Accessible,Spring
2025-03-23,2025,3,7,135,1.4,22,91.7,Accessible,Spring
2025-03-24,2025,3,6.9,129,1.6,9,37.5,Not Accessible,Spring
2025-03-25,2025,3,6.8,123,1.8,6,25,Not Accessible,Spring
2025-03-26,2025,3,6.7,117,0.9,24,100,Accessible,Spring
2025-03-27,2025,3,6.6,111,1.5,15,62.5,Accessible,Spring
2025-03-28,2025,3,6.5,105,1.9,8,33.3,Not Accessible,Spring
2025-03-29,2025,3,6.4,99,1.4,20,83.3,Accessible,Spring
2025-03-30,2025,3,6.3,92,1.1,21,87.5,Accessible,Spring
2025-03-31,2025,3,6.3,86,0.4,24,100,Accessible,Spring
2025-04-01,2025,4,7.1,57,0.9,24,100,Accessible,Spring
2025-04-02,2025,4,6.3,27,1,24,100,Accessible,Spring
2025-04-03,2025,4,4.8,28,1.5,14,58.3,Accessible,Spring
2025-04-04,2025,4,5,198,1,24,100,Accessible,Spring
2025-04-05,2025,4,8.7,237,1.2,15,62.5,Accessible,Spring
2025-04-06,2025,4,5.6,261,0.8,23,95.8,Accessible,Spring
2025-04-07,2025,4,10.1,220,1.4,8,33.3,Not Accessible,Spring
2025-04-08,2025,4,8.2,58,1.5,13,54.2,Accessible,Spring
2025-04-09,2025,4,5.2,177,0.7,24,100,Accessible,Spring
2025-04-10,2025,4,5.6,13,0.9,23,95.8,Accessible,Spring
2025-04-11,2025,4,2.9,116,0.3,24,100,Accessible,Spring
2025-04-12,2025,4,8,146,1.1,14,58.3,Accessible,Spring
2025-04-13,2025,4,10.9,249,2,2,8.3,Not Accessible,Spring
2025-04-14,2025,4,7.3,333,1.6,11,45.8,Not Accessible,Spring
2025-04-15,2025,4,7.2,269,1.9,2,8.3,Not Accessible,Spring
2025-04-16,2025,4,9,223,1.4,14,58.3,Accessible,Spring
2025-04-17,2025,4,9.5,222,1.8,2,8.3,Not Accessible,Spring
2025-04-18,2025,4,10.5,221,1.6,4,16.7,Not Accessible,Spring
2025-04-19,2025,4,8.3,233,1.1,21,87.5,Accessible,Spring
2025-04-20,2025,4,6.6,43,1,24,100,Accessible,Spring
2025-04-21,2025,4,3.5,74,0.8,24,100,Accessible,Spring
2025-04-22,2025,4,9.5,121,1.7,10,41.7,Not Accessible,Spring
2025-04-23,2025,4,6.7,7,2,7,29.2,Not Accessible,Spring
2025-04-24,2025,4,8.9,262,1.3,17,70.8,Accessible,Spring
2025-04-25,2025,4,6,273,0.8,23,95.8,Accessible,Spring
2025-04-26,2025,4,8,226,0.9,19,79.2,Accessible,Spring
2025-04-27,2025,4,8.7,229,1,18,75,Accessible,Spring
2025-04-28,2025,4,8.3,301,1.3,12,50,Accessible,Spring
2025-04-29,2025,4,7.1,203,1.3,19,79.2,Accessible,Spring
2025-04-30,2025,4,6.7,205,1.2,23,95.8,Accessible,Spring
2025-05-01,2025,5,8.1,215,1.3,20,83.3,Accessible,Spring
2025-05-02,2025,5,3.8,213,0.8,24,100,Accessible,Spring
2025-05-03,2025,5,6.7,309,1.2,23,95.8,Accessible,Spring
2025-05-04,2025,5,6.6,270,1,23,95.8,Accessible,Spring
2025-05-05,2025,5,6.1,62,0.7,24,100,Accessible,Spring
2025-05-06,2025,5,6.5,2,1.1,20,83.3,Accessible,Spring
2025-05-07,2025,5,3.4,189,0.6,24,100,Accessible,Spring
2025-05-08,2025,5,3.5,130,0.4,24,100,Accessible,Spring
2025-05-09,2025,5,11.5,179,2,4,16.7,Not Accessible,Spring
2025-05-10,2025,5,11.2,242,2.3,4,16.7,Not Accessible,Spring
2025-05-11,2025,5,7.7,239,1.4,19,79.2,Accessible,Spring
2025-05-12,2025,5,9.3,234,1.2,20,83.3,Accessible,Spring
2025-05-13,2025,5,9,226,1,20,83.3,Accessible,Spring
2025-05-14,2025,5,6.9,214,0.7,24,100,Accessible,Spring
2025-05-15,2025,5,6.7,217,0.7,24,100,Accessible,Spring
2025-05-16,2025,5,6.5,184,1,18,75,Accessible,Spring
2025-05-17,2025,5,9,232,1.6,10,41.7,Not Accessible,Spring
2025-05-18,2025,5,3.8,248,0.7,24,100,Accessible,Spring
2025-05-19,2025,5,9.7,223,1.3,9,37.5,Not Accessible,Spring
2025-05-20,2025,5,7,223,0.8,24,100,Accessible,Spring
2025-05-21,2025,5,7.5,17,1,13,54.2,Accessible,Spring
2025-05-22,2025,5,8.4,33,1.6,12,50,Accessible,Spring
2025-05-23,2025,5,9,36,1.4,16,66.7,Accessible,Spring
2025-05-24,2025,5,11.9,18,2.6,0,0,Not Accessible,Spring
2025-05-25,2025,5,4.7,171,1.4,15,62.5,Accessible,Spring
2025-05-26,2025,5,4.8,190,0.7,24,100,Accessible,Spring
2025-05-27,2025,5,3.5,169,0.4,24,100,Accessible,Spring
2025-05-28,2025,5,3.5,89,0.4,24,100,Accessible,Spring
2025-05-29,2025,5,6.5,32,0.7,24,100,Accessible,Spring
2025-05-30,2025,5,7.8,14,1.2,20,83.3,Accessible,Spring
2025-05-31,2025,5,3.2,340,0.6,24,100,Accessible,Spring
2025-06-01,2025,6,3.3,155,1,24,100,Accessible,Summer
2025-06-02,2025,6,4.5,144,1,24,100,Accessible,Summer
2025-06-03,2025,6,4.6,284,0.8,24,100,Accessible,Summer
2025-06-04,2025,6,7,264,1,19,79.2,Accessible,Summer
2025-06-05,2025,6,6.9,223,0.9,24,100,Accessible,Summer
2025-06-06,2025,6,7.9,226,1,22,91.7,Accessible,Summer
2025-06-07,2025,6,7.5,224,0.7,23,95.8,Accessible,Summer
2025-06-08,2025,6,5,209,0.4,24,100,Accessible,Summer
2025-06-09,2025,6,2.9,201,0.5,24,100,Accessible,Summer
2025-06-10,2025,6,7.2,230,0.8,21,87.5,Accessible,Summer
2025-06-11,2025,6,3.8,213,0.4,24,100,Accessible,Summer
2025-06-12,2025,6,2.3,198,0.3,24,100,Accessible,Summer
2025-06-13,2025,6,3.9,147,0.4,24,100,Accessible,Summer
2025-06-14,2025,6,4.5,252,1,22,91.7,Accessible,Summer
2025-06-15,2025,6,6.9,212,0.9,23,95.8,Accessible,Summer
2025-06-16,2025,6,9.2,225,1.4,17,70.8,Accessible,Summer
2025-06-17,2025,6,8,226,0.9,23,95.8,Accessible,Summer
2025-06-18,2025,6,8.4,229,1,24,100,Accessible,Summer
2025-06-19,2025,6,6.6,215,0.6,24,100,Accessible,Summer
2025-06-20,2025,6,8.2,199,1,22,91.7,Accessible,Summer
2025-06-21,2025,6,7.5,212,1.5,8,33.3,Not Accessible,Summer
2025-06-22,2025,6,4.5,228,0.6,24,100,Accessible,Summer
2025-06-23,2025,6,2.5,86,0.3,24,100,Accessible,Summer
2025-06-24,2025,6,4.7,28,0.5,24,100,Accessible,Summer
2025-06-25,2025,6,8.7,233,0.9,18,75,Accessible,Summer
2025-06-26,2025,6,7.3,233,0.9,24,100,Accessible,Summer
2025-06-27,2025,6,5.1,231,0.5,24,100,Accessible,Summer
2025-06-28,2025,6,6.1,218,0.5,24,100,Accessible,Summer
2025-06-29,2025,6,7.1,218,0.6,24,100,Accessible,Summer
2025-06-30,2025,6,7,222,0.5,24,100,Accessible,Summer
2025-07-01,2025,7,6.2,227,0.5,24,100,Accessible,Summer
2025-07-02,2025,7,6.5,221,0.5,24,100,Accessible,Summer
2025-07-03,2025,7,8,228,0.7,23,95.8,Accessible,Summer
2025-07-04,2025,7,9.3,232,0.8,16,66.7,Accessible,Summer
2025-07-05,2025,7,9.3,237,0.9,14,58.3,Accessible,Summer
2025-07-06,2025,7,6.4,238,0.7,24,100,Accessible,Summer
2025-07-07,2025,7,3.5,19,0.3,24,100,Accessible,Summer
2025-07-08,2025,7,7.4,23,0.7,24,100,Accessible,Summer
2025-07-09,2025,7,7,24,0.8,24,100,Accessible,Summer
2025-07-10,2025,7,9.1,24,1.5,12,50,Accessible,Summer
2025-07-11,2025,7,8.8,37,1.6,10,41.7,Not Accessible,Summer
2025-07-12,2025,7,5.7,43,1.2,24,100,Accessible,Summer
2025-07-13,2025,7,6.5,45,0.9,17,70.8,Accessible,Summer
2025-07-14,2025,7,6,1,1.3,19,79.2,Accessible,Summer
2025-07-15,2025,7,9.2,224,1.1,15,62.5,Accessible,Summer
2025-07-16,2025,7,6.6,191,0.8,24,100,Accessible,Summer
2025-07-17,2025,7,5.6,161,0.8,24,100,Accessible,Summer
2025-07-18,2025,7,8.3,181,1.2,19,79.2,Accessible,Summer
2025-07-19,2025,7,3.3,213,0.6,24,100,Accessible,Summer
2025-07-20,2025,7,3.2,200,0.5,24,100,Accessible,Summer
2025-07-21,2025,7,5.2,220,0.5,24,100,Accessible,Summer
2025-07-22,2025,7,4.8,205,0.5,24,100,Accessible,Summer
2025-07-23,2025,7,2.9,158,0.3,24,100,Accessible,Summer
2025-07-24,2025,7,3.3,112,0.4,24,100,Accessible,Summer
2025-07-25,2025,7,2.9,104,0.4,24,100,Accessible,Summer
2025-07-26,2025,7,3,85,0.4,24,100,Accessible,Summer
2025-07-27,2025,7,2.7,121,0.5,24,100,Accessible,Summer
2025-07-28,2025,7,3,153,0.3,24,100,Accessible,Summer
2025-07-29,2025,7,2.5,88,0.3,24,100,Accessible,Summer
2025-07-30,2025,7,2.6,94,0.4,24,100,Accessible,Summer
2025-07-31,2025,7,3.2,63,0.5,24,100,Accessible,Summer
2025-08-01,2025,8,2.3,66,0.4,24,100,Accessible,Summer
2025-08-02,2025,8,2.3,182,0.3,24,100,Accessible,Summer
2025-08-03,2025,8,7.4,197,0.8,17,70.8,Accessible,Summer
2025-08-04,2025,8,10.6,223,1.7,7,29.2,Not Accessible,Summer
2025-08-05,2025,8,9.9,230,1.4,14,58.3,Accessible,Summer
2025-08-06,2025,8,9.9,239,1.8,3,12.5,Not Accessible,Summer
2025-08-07,2025,8,4,300,1,24,100,Accessible,Summer
2025-08-08,2025,8,2.3,175,0.7,24,100,Accessible,Summer
2025-08-09,2025,8,4.2,206,0.7,24,100,Accessible,Summer
2025-08-10,2025,8,4.8,35,1.1,24,100,Accessible,Summer
2025-08-11,2025,8,5.4,37,0.8,24,100,Accessible,Summer
2025-08-12,2025,8,5.2,167,0.8,24,100,Accessible,Summer
2025-08-13,2025,8,7.7,228,0.8,24,100,Accessible,Summer
2025-08-14,2025,8,6.7,246,0.7,24,100,Accessible,Summer
2025-08-15,2025,8,2.5,206,0.4,24,100,Accessible,Summer
2025-08-16,2025,8,6.7,227,0.4,24,100,Accessible,Summer
2025-08-17,2025,8,5.8,236,0.4,24,100,Accessible,Summer
2025-08-18,2025,8,7.6,236,0.6,23,95.8,Accessible,Summer
2025-08-19,2025,8,9,235,0.8,17,70.8,Accessible,Summer
2025-08-20,2025,8,6.8,227,0.5,24,100,Accessible,Summer
2025-08-21,2025,8,3,182,0.4,24,100,Accessible,Summer
2025-08-22,2025,8,5.5,221,0.5,24,100,Accessible,Summer
2025-08-23,2025,8,6.8,239,0.6,24,100,Accessible,Summer
2025-08-24,2025,8,6.5,227,0.5,24,100,Accessible,Summer
2025-08-25,2025,8,7.6,226,0.7,24,100,Accessible,Summer
2025-08-26,2025,8,7.3,247,0.8,15,62.5,Accessible,Summer
2025-08-27,2025,8,4.8,26,0.5,24,100,Accessible,Summer
2025-08-28,2025,8,4.7,195,0.9,24,100,Accessible,Summer
2025-08-29,2025,8,8.1,236,0.9,20,83.3,Accessible,Summer
2025-08-30,2025,8,5.3,235,0.5,24,100,Accessible,Summer
2025-08-31,2025,8,6.2,224,0.6,21,87.5,Accessible,Summer
2025-09-01,2025,9,7.2,225,0.9,24,100,Accessible,Fall
2025-09-02,2025,9,4,345,0.6,24,100,Accessible,Fall
2025-09-03,2025,9,6.2,5,0.6,24,100,Accessible,Fall
2025-09-04,2025,9,8.3,7,1.2,13,54.2,Accessible,Fall
2025-09-05,2025,9,5.1,8,1.2,19,79.2,Accessible,Fall
2025-09-06,2025,9,9.5,231,1,12,50,Accessible,Fall
2025-09-07,2025,9,6.8,251,0.9,20,83.3,Accessible,Fall
2025-09-08,2025,9,4.3,30,0.5,22,91.7,Accessible,Fall
2025-09-09,2025,9,7.7,20,0.9,19,79.2,Accessible,Fall
2025-09-10,2025,9,10.6,6,1.8,1,4.2,Not Accessible,Fall
2025-09-11,2025,9,9.1,39,1.9,2,8.3,Not Accessible,Fall
2025-09-12,2025,9,6.7,15,1.4,17,70.8,Accessible,Fall
2025-09-13,2025,9,8.2,349,1.5,9,37.5,Not Accessible,Fall
2025-09-14,2025,9,3.6,297,1,24,100,Accessible,Fall
2025-09-15,2025,9,3.1,192,0.6,24,100,Accessible,Fall
2025-09-16,2025,9,8,233,0.8,24,100,Accessible,Fall
2025-09-17,2025,9,8.3,281,1.1,18,75,Accessible,Fall
2025-09-18,2025,9,9.4,42,2,0,0,Not Accessible,Fall
2025-09-19,2025,9,6.7,91,1.3,21,87.5,Accessible,Fall
2025-09-20,2025,9,9.9,345,1.7,5,20.8,Not Accessible,Fall
2025-09-21,2025,9,9.9,42,2.1,0,0,Not Accessible,Fall
2025-09-22,2025,9,8.4,44,1.8,11,45.8,Not Accessible,Fall
2025-09-23,2025,9,7.2,77,1.3,18,75,Accessible,Fall
2025-09-24,2025,9,6.1,204,0.9,24,100,Accessible,Fall
2025-09-25,2025,9,5.2,275,0.6,24,100,Accessible,Fall
2025-09-26,2025,9,5.8,35,0.6,24,100,Accessible,Fall
2025-09-27,2025,9,5.2,90,0.8,24,100,Accessible,Fall
2025-09-28,2025,9,8.2,280,0.8,18,75,Accessible,Fall
2025-09-29,2025,9,5.2,16,1.1,24,100,Accessible,Fall
2025-09-30,2025,9,2.7,100,1,24,100,Accessible,Fall
2025-10-01,2025,10,2.9,344,0.4,24,100,Accessible,Fall
2025-10-02,2025,10,5.2,74,0.4,24,100,Accessible,Fall
2025-10-03,2025,10,7.3,124,1.1,20,83.3,Accessible,Fall
2025-10-04,2025,10,6.3,7,1,24,100,Accessible,Fall
2025-10-05,2025,10,4,39,0.5,24,100,Accessible,Fall
2025-10-06,2025,10,7.5,84,1.8,12,50,Accessible,Fall
2025-10-07,2025,10,5.6,66,2,3,12.5,Not Accessible,Fall
2025-10-08,2025,10,9.7,56,1.7,10,41.7,Not Accessible,Fall
2025-10-09,2025,10,9.1,68,2.2,0,0,Not Accessible,Fall
2025-10-10,2025,10,5.7,68,1.4,22,91.7,Accessible,Fall
2025-10-11,2025,10,3,235,0.9,24,100,Accessible,Fall
2025-10-12,2025,10,7.8,27,1.8,3,12.5,Not Accessible,Fall
2025-10-13,2025,10,7.8,356,2,0,0,Not Accessible,Fall
2025-10-14,2025,10,10.6,39,2.5,0,0,Not Accessible,Fall
2025-10-15,2025,10,5.7,103,1.5,15,62.5,Accessible,Fall
2025-10-16,2025,10,9.9,35,1.9,3,12.5,Not Accessible,Fall
2025-10-17,2025,10,5.5,101,1.6,11,45.8,Not Accessible,Fall
2025-10-18,2025,10,10.5,38,2.3,3,12.5,Not Accessible,Fall
2025-10-19,2025,10,6.7,45,2.1,5,20.8,Not Accessible,Fall
2025-10-20,2025,10,9.8,65,2.8,0,0,Not Accessible,Fall
2025-10-21,2025,10,9,84,2.5,0,0,Not Accessible,Fall
2025-10-22,2025,10,10.7,85,2.9,0,0,Not Accessible,Fall
2025-10-23,2025,10,8.6,64,2,1,4.2,Not Accessible,Fall
2025-10-24,2025,10,9.5,79,2.6,0,0,Not Accessible,Fall
2025-10-25,2025,10,5.9,26,1.3,19,79.2,Accessible,Fall
2025-10-26,2025,10,7.9,331,1.1,20,83.3,Accessible,Fall
2025-10-27,2025,10,9.7,327,1.3,11,45.8,Not Accessible,Fall
2025-10-28,2025,10,3.7,16,1,22,91.7,Accessible,Fall
2025-10-29,2025,10,4.2,57,0.8,24,100,Accessible,Fall
2025-10-30,2025,10,3.5,61,0.6,24,100,Accessible,Fall
2025-10-31,2025,10,5.9,353,0.7,24,100,Accessible,Fall
2025-11-01,2025,11,7.7,296,1.2,23,95.8,Accessible,Fall
2025-11-02,2025,11,9.5,317,1.7,11,45.8,Not Accessible,Fall
2025-11-03,2025,11,6.7,72,2.8,0,0,Not Accessible,Fall
2025-11-04,2025,11,2.8,137,1.1,18,75,Accessible,Fall
2025-11-05,2025,11,6,59,0.7,23,95.8,Accessible,Fall
2025-11-06,2025,11,6.2,42,0.9,24,100,Accessible,Fall
2025-11-07,2025,11,7.8,76,1,20,83.3,Accessible,Fall
2025-11-08,2025,11,5.4,81,1.6,12,50,Accessible,Fall
2025-11-09,2025,11,8.8,328,1.3,17,70.8,Accessible,Fall
2025-11-10,2025,11,4.7,306,1.2,22,91.7,Accessible,Fall
2025-11-11,2025,11,6.9,37,1.3,22,91.7,Accessible,Fall
2025-11-12,2025,11,3.7,10,0.8,24,100,Accessible,Fall
2025-11-13,2025,11,5.3,343,0.7,24,100,Accessible,Fall
2025-11-14,2025,11,5.4,352,0.8,24,100,Accessible,Fall
2025-11-15,2025,11,2.2,51,1.1,24,100,Accessible,Fall
2025-11-16,2025,11,5.7,244,0.7,24,100,Accessible,Fall
2025-11-17,2025,11,9.5,330,1.6,4,16.7,Not Accessible,Fall
2025-11-18,2025,11,8.6,318,1.8,1,4.2,Not Accessible,Fall
2025-11-19,2025,11,4.3,281,1.3,20,83.3,Accessible,Fall
2025-11-20,2025,11,7.2,284,1.1,24,100,Accessible,Fall
2025-11-21,2025,11,5.6,321,1,24,100,Accessible,Fall
2025-11-22,2025,11,3.4,272,0.7,24,100,Accessible,Fall
2025-11-23,2025,11,5.9,247,0.7,24,100,Accessible,Fall
2025-11-24,2025,11,6.7,259,0.7,24,100,Accessible,Fall
2025-11-25,2025,11,9.7,317,1.4,10,41.7,Not Accessible,Fall
2025-11-26,2025,11,5.7,260,1.7,8,33.3,Not Accessible,Fall
2025-11-27,2025,11,10.3,279,1.6,3,12.5,Not Accessible,Fall
2025-11-28,2025,11,4,325,1.6,11,45.8,Not Accessible,Fall
2025-11-29,2025,11,8.4,245,1.2,17,70.8,Accessible,Fall
2025-11-30,2025,11,9.8,250,1.1,11,45.8,Not Accessible,Fall
2025-12-01,2025,12,5.2,345,0.9,24,100,Accessible,Winter
2025-12-02,2025,12,9.4,329,1.5,11,45.8,Not Accessible,Winter
2025-12-03,2025,12,10.6,311,2,1,4.2,Not Accessible,Winter
2025-12-04,2025,12,9.5,293,1.6,5,20.8,Not Accessible,Winter
2025-12-05,2025,12,5.8,283,1.2,19,79.2,Accessible,Winter
2025-12-06,2025,12,7.6,256,0.9,21,87.5,Accessible,Winter
2025-12-07,2025,12,8.7,258,0.9,20,83.3,Accessible,Winter
2025-12-08,2025,12,6,340,1.4,17,70.8,Accessible,Winter
2025-12-09,2025,12,4.5,328,0.9,24,100,Accessible,Winter
2025-12-10,2025,12,4.7,255,0.8,23,95.8,Accessible,Winter
2025-12-11,2025,12,9.9,338,1.5,13,54.2,Accessible,Winter
2025-12-12,2025,12,9.3,72,2.6,0,0,Not Accessible,Winter
2025-12-13,2025,12,9,341,1.5,8,33.3,Not Accessible,Winter
2025-12-14,2025,12,8.8,313,2.2,4,16.7,Not Accessible,Winter
2025-12-15,2025,12,5.2,291,2.1,0,0,Not Accessible,Winter
2025-12-16,2025,12,4.7,258,1.2,23,95.8,Accessible,Winter
2025-12-17,2025,12,7.7,342,1.5,15,62.5,Accessible,Winter
2025-12-18,2025,12,4.4,221,1.1,22,91.7,Accessible,Winter
2025-12-19,2025,12,9.2,201,1.2,13,54.2,Accessible,Winter
2025-12-20,2025,12,8.9,255,1.2,19,79.2,Accessible,Winter
2025-12-21,2025,12,9.2,354,1.9,0,0,Not Accessible,Winter
2025-12-22,2025,12,5.5,59,1.6,12,50,Accessible,Winter
2025-12-23,2025,12,5.2,207,1,24,100,Accessible,Winter
2025-12-24,2025,12,9.9,7,1.5,9,37.5,Not Accessible,Winter
2025-12-25,2025,12,13.9,312,2.6,0,0,Not Accessible,Winter
2025-12-26,2025,12,8.8,325,2.8,0,0,Not Accessible,Winter
2025-12-27,2025,12,7.2,309,1.7,13,54.2,Accessible,Winter
2025-12-28,2025,12,6.9,249,0.9,24,100,Accessible,Winter
2025-12-29,2025,12,8.1,288,1.1,24,100,Accessible,Winter
2025-12-30,2025,12,8.4,337,1.5,14,58.3,Accessible,Winter
2025-12-31,2025,12,8.9,324,1.5,7,46.7,Not Accessible,Winter
